{
    "name":"MoLo",
    "name_pt_BR": "Molo",
    "name_zh_CN": "墨落主题",
    "name_zh_TW": "墨落主題",
    "useQtFusionStyle": true,
    "isDark": true,
    "default scheme": "MoLo CodeBlack",
    "default iconset": "newlook",
    "palette": {
        "PaletteWindow":"#000000",
        "PaletteWindowText":"#FFFFFF",
        "PaletteBase":"#141414",
        "PaletteAlternateBase":"#191919",
        "PaletteButton": "#141414",
        "PaletteButtonDisabled": "#141414",
        "PaletteBrightText": "#ff0000",
        "PaletteText":"#FFFFFF",
        "PaletteButtonText":"#FFFFFF",
        "PaletteButtonTextDisabled":"#9DA9B5",
        "PaletteHighlight":"#aa1f75cc",
        "PaletteDark":"#ff232323",
        "PaletteHighlightedText":"#ffe7e7e7",
        "PaletteToolTipBase":"#66000000",
        "PaletteToolTipText":"#ffe7e7e7",
        "PaletteLink":"#ff007af4",
        "PaletteLinkVisited":"#ffa57aff",
        "PaletteWindowDisabled":"#0A0A0A",
        "PaletteWindowTextDisabled":"#9DA9B5",
        "PaletteHighlightDisabled":"#9DA9B5",
        "PaletteHighlightedTextDisabled":"#9DA9B5",
        "PaletteBaseDisabled":"#000000",
        "PaletteTextDisabled":"#9DA9B5",
        "PaletteMid": "#FFFFFF",
        "PaletteLight": "#505050",
        "PaletteMidLight": "#00ff00"
    }
}
